type,data,company,n,delta,Lat,Lon
S,2017-02-01,GOERLACH  BESATZSCHMUCK  GmbH,1,0,47.8804,10.6222
toC,2017-02-01,GDA SRL,1,0,40.1743,18.1678
toC,2017-02-01,LN MANIFACTURING SRL,3,0,40.8359,14.2488
toC,2017-02-01,JEANNOT S SRL,1,0,41.1992,16.5968
toC,2017-02-01,EFFEUNO SRL,4,0,41.8933,12.4829
toC,2017-02-01,FENDI SRL,37,0,41.8933,12.4829
toC,2017-02-01,MERCURI MODA SRL,4,0,43.2567,13.7608
toC,2017-02-01,BOEMOS SPA - INDUSTRIA CALZATU,1,0,43.7292,10.8082
toC,2017-02-01,BOTTONIFICIO LEONARDO SRL,3,0,43.7332,11.0209
toC,2017-02-01,IL GIOIELLO DI FIRENZE SRL,1,0,43.7522,11.32
toC,2017-02-01,SACCARDI PELLETTERIE SRL,2,0,43.7567,11.1848
toC,2017-02-01,AQUAZZURA ITALIA SRL,2,0,43.7699,11.2556
toC,2017-02-01,BULGARI ACCESSORI SRL,8,0,43.7699,11.2556
toC,2017-02-01,SALVATORE FERRAGAMO SPA,3,0,43.7699,11.2556
toC,2017-02-01,RUCOLINE SPA,2,0,43.8295,10.5303
toC,2017-02-01,ITALFIBBIA SRL,64,0,43.8317,11.1992
toC,2017-02-01,RICCI ENRICO SRL,4,0,44.1065,12.4149
toC,2017-02-01,ROSSIMODA SPA,8,0,45.4433,11.9834
toC,2017-02-01,DOLCE & GABBANA SRL,8,0,45.4668,9.1905
toC,2017-02-01,PRADA SPA,9,0,45.4668,9.1905
toC,2017-02-01,VALENTINO SPA,6,0,45.4668,9.1905
toC,2017-02-01,ARTIGIANI VENEZIANI SRL,1,0,45.4991,12.5449
toC,2017-02-01,SEYMECHAMLOU SRL,1,0,45.5567,8.97774
toC,2017-02-01,GIOVANNI MONTE SRL,4,0,45.5586,8.94789
toC,2017-02-01,CALZATURIFICIO MARTINI SRL,2,0,45.7465,8.43607
toC,2017-02-01,CHRISTIAN LOUBOUTIN S.A.S.,11,0,48.8566,2.3515
toC,2017-02-01,CHRISTIAN LOUBOUTIN SAS,11,0,48.8566,2.3515
toC,2017-02-01,MANDO SARL,6,0,48.8566,2.3515
toC,2017-02-01,NICHOLAS KIRKWOOD LTD,35,0,51.5073,-0.127647
fromSub,2017-02-01,GESM SPA FASHION FACTORY,6,0,45.5846,10.4382
fromSub,2017-02-01,EGAL SRL,58,0,45.5962,9.01754
fromSub,2017-02-01,MADEBLACK SRL,86,0,45.6508,9.84802
toSub,2017-02-01,MADEBLACK SRL,76,0,45.6508,9.84802
toSub,2017-02-01,EGAL SRL,39,0,45.5962,9.01754
toSub,2017-02-01,GESM SPA FASHION FACTORY,2,0,45.5846,10.4382
toC,2017-02-02,LEO SHOES SRL,5,0,40.0109,18.1617
toC,2017-02-02,ABC CARUSO GROUP SRL,2,1,40.8359,14.2488
toC,2017-02-02,SANTAMARIA SRL,1,0,40.9732,14.2049
toC,2017-02-02,EFFEUNO SRL,2,0,41.8933,12.4829
toC,2017-02-02,FENDI SRL,71,0,41.8933,12.4829
toC,2017-02-02,JOHARI DI GIULIANA MANCINELLI,6,0,41.8933,12.4829
toC,2017-02-02,CALZATURIFICIO ROMIT SPA,1,0,43.2325,13.6316
toC,2017-02-02,DIMENSIONE 2000 SRL,1,0,43.2567,13.7608
toC,2017-02-02,BAMBOLETTA SRL,1,0,43.3055,13.7229
toC,2017-02-02,PELLETTERIA ALMAX SRL,1,0,43.7567,11.1848
toC,2017-02-02,AQUAZZURA ITALIA SRL,1,0,43.7699,11.2556
toC,2017-02-02,RICCI ENRICO SRL,1,0,44.1065,12.4149
toC,2017-02-02,TOMMY SRL,2,0,45.4173,12.0332
toC,2017-02-02,DOLCE & GABBANA SRL,44,0,45.4668,9.1905
toC,2017-02-02,DSQUARED2 SPA,13,0,45.4668,9.1905
toC,2017-02-02,VALENTINO SPA,10,0,45.4668,9.1905
toC,2017-02-02,KALLISTE'  SRL,3,0,45.4991,12.5449
toC,2017-02-02,SEYMECHAMLOU SRL,2,0,45.5567,8.97774
toC,2017-02-02,GIOVANNI MONTE SRL,2,0,45.5586,8.94789
toC,2017-02-02,ARCOBALENO S.R.L.,5,0,45.6599,8.7932
toC,2017-02-02,ANAGRAFICA PER INVIO CAMPIONI,46,0,45.6851,8.93814
toC,2017-02-02,ROMANO MARTEGANI SRL CALZATURI,6,0,45.6989,9.20915
toC,2017-02-02,OLTRONA PLAST SRL,1,0,45.7156,8.98307
toC,2017-02-02,CHRISTIAN LOUBOUTIN SAS,10,0,48.8566,2.3515
fromSub,2017-02-02,GESM SPA FASHION FACTORY,1,0,45.5846,10.4382
fromSub,2017-02-02,EGAL SRL,36,0,45.5962,9.01754
fromSub,2017-02-02,MADEBLACK SRL,57,0,45.6508,9.84802
toSub,2017-02-02,MADEBLACK SRL,36,0,45.6508,9.84802
toSub,2017-02-02,XIA JINGYE,3,0,45.6158,9.08152
toSub,2017-02-02,EGAL SRL,9,0,45.5962,9.01754
toSub,2017-02-02,GESM SPA FASHION FACTORY,5,0,45.5846,10.4382
S,2017-02-03,MARIO UBOLDI,2,2,45.7133,8.90516
S,2017-02-03,METALLURGICA LOMBARDA SRL,2,0,45.3987,8.91623
S,2017-02-03,IL GRANELLO SCARL,21,0,45.6588,8.97193
toC,2017-02-03,CLASSICAL ELEMENTS,9,0,35.8235,-78.8256
toC,2017-02-03,CANO ART. CALZADO S.L.,25,0,38.5869,-0.672549
toC,2017-02-03,LA BETE BRAND INC,6,0,40.7306,-73.9866
toC,2017-02-03,ABC CARUSO GROUP SRL,3,1,40.8359,14.2488
toC,2017-02-03,LN MANIFACTURING SRL,3,0,40.8359,14.2488
toC,2017-02-03,C&C METAL PRODUCTS CORP.METAL,4,0,40.8929,-73.9726
toC,2017-02-03,FENDI SRL,17,0,41.8933,12.4829
toC,2017-02-03,CALZATURIFICIO ROMIT SPA,1,0,43.2325,13.6316
toC,2017-02-03,CALZATURIFICIO MELIN SRL,4,0,43.2347,13.6879
toC,2017-02-03,AQUAZZURA ITALIA SRL,11,0,43.7699,11.2556
toC,2017-02-03,AEFFE SPA,2,0,43.9387,12.7125
toC,2017-02-03,RICCI ENRICO SRL,1,0,44.1065,12.4149
toC,2017-02-03,DOLCE & GABBANA SRL,40,0,45.4668,9.1905
toC,2017-02-03,PRADA SPA,1,0,45.4668,9.1905
toC,2017-02-03,VALENTINO SPA,5,0,45.4668,9.1905
toC,2017-02-03,C.L. SERVICES TECHNIQUES SRL,3,0,45.5567,8.97774
toC,2017-02-03,SEYMECHAMLOU SRL,7,0,45.5567,8.97774
toC,2017-02-03,GIOVANNI MONTE SRL,1,0,45.5586,8.94789
toC,2017-02-03,ANGIPLAST SNC DI CASTELLANA E,2,0,45.6752,8.95576
toC,2017-02-03,CHRISTIAN LOUBOUTIN SAS,4,0,48.8566,2.3515
toC,2017-02-03,BIRKENSTOCK PRODUCTIONS GMBH,19,0,50.6216,7.42607
fromSub,2017-02-03,GESM SPA FASHION FACTORY,1,0,45.5846,10.4382
fromSub,2017-02-03,EGAL SRL,39,0,45.5962,9.01754
fromSub,2017-02-03,MADEBLACK SRL,67,0,45.6508,9.84802
toSub,2017-02-03,MADEBLACK SRL,79,0,45.6508,9.84802
toSub,2017-02-03,WORTRAD INTERNATIONAL SRL,4,1,45.6257,9.03733
toSub,2017-02-03,EGAL SRL,52,0,45.5962,9.01754
toSub,2017-02-03,GESM SPA FASHION FACTORY,6,0,45.5846,10.4382
S,2017-02-06,OMS ITALIA SRL,2,3,43.7755,11.4399
S,2017-02-06,CAROLLO SRL,10,0,45.7542,8.89674
toC,2017-02-06,LEO SHOES SRL,3,0,40.0109,18.1617
toC,2017-02-06,CAMUTO GROUP LLC,11,0,41.5375,-72.6275
toC,2017-02-06,FENDI SRL,38,0,41.8933,12.4829
toC,2017-02-06,BOTTONIFICIO LEONARDO SRL,4,3,43.7332,11.0209
toC,2017-02-06,IL GIOIELLO DI FIRENZE SRL,1,0,43.7522,11.32
toC,2017-02-06,RICCI ENRICO SRL,1,0,44.1065,12.4149
toC,2017-02-06,CALZATURIFICIO NERI SRL,6,0,45.4173,12.0332
toC,2017-02-06,DOLCE & GABBANA SRL,34,0,45.4668,9.1905
toC,2017-02-06,VALENTINO SPA,20,0,45.4668,9.1905
toC,2017-02-06,WHITE SRL SOC. UNIPERSONALE,2,0,45.4668,9.1905
toC,2017-02-06,C.L. SERVICES TECHNIQUES SRL,5,0,45.5567,8.97774
toC,2017-02-06,NOVARLUX ITALIA SRL,3,0,45.5567,8.97774
toC,2017-02-06,SEYMECHAMLOU SRL,2,0,45.5567,8.97774
toC,2017-02-06,GIOVANNI MONTE SRL,4,0,45.5586,8.94789
toC,2017-02-06,MADEBLACK SRL,13,0,45.6508,9.84802
toC,2017-02-06,MORELLATO SPA,2,0,46.0636,11.4672
toC,2017-02-06,USE INTERNATIONAL ZRT,6,0,48.1032,20.7902
toC,2017-02-06,CHRISTIAN LOUBOUTIN SAS,33,0,48.8566,2.3515
toC,2017-02-06,BURBERRY LIMITED,49,0,51.5073,-0.127647
toC,2017-02-06,CHRISTOPHER KANE LTD,8,0,51.5073,-0.127647
fromSub,2017-02-06,EGAL SRL,54,0,45.5962,9.01754
fromSub,2017-02-06,WORTRAD INTERNATIONAL SRL,12,0,45.6257,9.03733
fromSub,2017-02-06,MADEBLACK SRL,57,0,45.6508,9.84802
toSub,2017-02-06,MAFLEX SRL,8,0,45.6851,8.93814
toSub,2017-02-06,MADEBLACK SRL,62,0,45.6508,9.84802
toSub,2017-02-06,XIA JINGYE,3,0,45.6158,9.08152
toSub,2017-02-06,EGAL SRL,23,0,45.5962,9.01754
toSub,2017-02-06,GESM SPA FASHION FACTORY,4,0,45.5846,10.4382
toC,2017-02-07,THE ALDO GROUP,13,0,-37.4835,-72.3324
toC,2017-02-07,LIA Y CO. S.A.,9,0,15.6356,-89.8988
toC,2017-02-07,ARTI MODA S.A.L.,8,1,33.9093,35.5781
toC,2017-02-07,MODALAB SRL,4,0,38.0151,12.7242
toC,2017-02-07,CANO ART. CALZADO S.L.,27,0,38.5869,-0.672549
toC,2017-02-07,LEO SHOES SRL,5,0,40.0109,18.1617
toC,2017-02-07,H.HABITU,13,0,40.7306,-73.9866
toC,2017-02-07,KATE SPADE & COMPANY,25,0,40.7306,-73.9866
toC,2017-02-07,LAFAYETTE 148,13,0,40.7306,-73.9866
toC,2017-02-07,SIMONA B USA,9,0,40.7306,-73.9866
toC,2017-02-07,ZANG TOI / SZT LLC,13,0,40.7306,-73.9866
toC,2017-02-07,LN MANIFACTURING SRL,7,0,40.8359,14.2488
toC,2017-02-07,GIERRE & SON  SRL UNIPERSONALE,3,0,40.9045,14.3511
toC,2017-02-07,FENDI SRL,28,0,41.8933,12.4829
toC,2017-02-07,NOVARESE SRL,1,0,43.2485,13.5092
toC,2017-02-07,MERCURI MODA SRL,12,0,43.2567,13.7608
toC,2017-02-07,BAMBOLETTA SRL,3,0,43.3055,13.7229
toC,2017-02-07,FREELAND SRL CALZATURE,2,0,43.7292,10.8082
toC,2017-02-07,RIVER GROUP SPA,4,0,43.7292,10.8082
toC,2017-02-07,SALVATORE FERRAGAMO SPA,2,0,43.7699,11.2556
toC,2017-02-07,STUDIO MAGGIO SRL,12,0,43.7699,11.2556
toC,2017-02-07,NILLAB SRL,2,0,45.4173,12.0332
toC,2017-02-07,DOLCE & GABBANA SRL,21,0,45.4668,9.1905
toC,2017-02-07,VALENTINO SPA,13,0,45.4668,9.1905
toC,2017-02-07,KALLISTE'  SRL,1,0,45.4991,12.5449
toC,2017-02-07,NOVARLUX ITALIA SRL,3,0,45.5567,8.97774
toC,2017-02-07,SEYMECHAMLOU SRL,2,0,45.5567,8.97774
toC,2017-02-07,LA GRIFFE SRL,12,0,45.5586,8.94789
toC,2017-02-07,CALZATURIFICIO MARTINI SRL,1,0,45.7465,8.43607
toC,2017-02-07,GABOR SHOES AG,5,0,47.8539,12.1273
toC,2017-02-07,CHRISTIAN LOUBOUTIN SAS,4,0,48.8566,2.3515
toC,2017-02-07,MANDO SARL,7,0,48.8566,2.3515
toC,2017-02-07,GABOR SPOL S.R.O.,10,0,49.2197,18.7397
toC,2017-02-07,ONDA DE MAR,16,0,6.25598,-75.58
fromSub,2017-02-07,EGAL SRL,38,0,45.5962,9.01754
fromSub,2017-02-07,WORTRAD INTERNATIONAL SRL,15,0,45.6257,9.03733
fromSub,2017-02-07,MADEBLACK SRL,15,1,45.6508,9.84802
toSub,2017-02-07,MADEBLACK SRL,59,0,45.6508,9.84802
toSub,2017-02-07,WORTRAD INTERNATIONAL SRL,8,0,45.6257,9.03733
toSub,2017-02-07,XIA JINGYE,3,1,45.6158,9.08152
toSub,2017-02-07,EGAL SRL,22,0,45.5962,9.01754
S,2017-02-08,C&C METAL PRODUCTS CORP.METAL,3,0,40.8929,-73.9726
S,2017-02-08,GAMMA PLAST SNC DI REGALIA FRA,2,0,45.6119,8.85205
toC,2017-02-08,JAIME MASCARO S.A,2,0,39.9833,4.01095
toC,2017-02-08,LEO SHOES SRL,6,0,40.0109,18.1617
toC,2017-02-08,HENRI BENDEL,22,0,40.7306,-73.9866
toC,2017-02-08,ABC CARUSO GROUP SRL,1,1,40.8359,14.2488
toC,2017-02-08,SANTAMARIA SRL,1,0,40.9732,14.2049
toC,2017-02-08,EFFEUNO SRL,4,0,41.8933,12.4829
toC,2017-02-08,FENDI SRL,29,0,41.8933,12.4829
toC,2017-02-08,CALZATURIFICIO ROMIT SPA,2,0,43.2325,13.6316
toC,2017-02-08,MERCURI MODA SRL,4,0,43.2567,13.7608
toC,2017-02-08,RIVER GROUP SPA,1,0,43.7292,10.8082
toC,2017-02-08,BOTTONIFICIO LEONARDO SRL,2,0,43.7332,11.0209
toC,2017-02-08,BULGARI ACCESSORI SRL,1,0,43.7699,11.2556
toC,2017-02-08,RUCOLINE SPA,3,0,43.8295,10.5303
toC,2017-02-08,RICCI ENRICO SRL,2,0,44.1065,12.4149
toC,2017-02-08,FURLA SPA,27,0,44.4716,11.4049
toC,2017-02-08,CALZATURIFICIO NERI SRL,3,0,45.4173,12.0332
toC,2017-02-08,TOMMY SRL,1,0,45.4173,12.0332
toC,2017-02-08,DOLCE & GABBANA SRL,38,0,45.4668,9.1905
toC,2017-02-08,GIANNI VERSACE SPA,16,0,45.4668,9.1905
toC,2017-02-08,PRADA SPA,9,0,45.4668,9.1905
toC,2017-02-08,VALENTINO SPA,5,0,45.4668,9.1905
toC,2017-02-08,C.L. SERVICES TECHNIQUES SRL,15,0,45.5567,8.97774
toC,2017-02-08,SEYMECHAMLOU SRL,8,0,45.5567,8.97774
toC,2017-02-08,CHRISTIAN LOUBOUTIN SAS,10,0,48.8566,2.3515
toC,2017-02-08,MANDO SARL,1,0,48.8566,2.3515
toC,2017-02-08,ALTERNATIVA DE MODA SAS TOUCHE,2,0,6.25598,-75.58
fromSub,2017-02-08,GESM SPA FASHION FACTORY,8,0,45.5846,10.4382
fromSub,2017-02-08,EGAL SRL,10,0,45.5962,9.01754
fromSub,2017-02-08,WORTRAD INTERNATIONAL SRL,13,0,45.6257,9.03733
fromSub,2017-02-08,MADEBLACK SRL,130,0,45.6508,9.84802
toSub,2017-02-08,JIANG XIUJIN,24,0,45.7133,8.90516
toSub,2017-02-08,MADEBLACK SRL,41,0,45.6508,9.84802
toSub,2017-02-08,XIA JINGYE,5,0,45.6158,9.08152
toSub,2017-02-08,EGAL SRL,18,0,45.5962,9.01754
S,2017-02-09,MANICARDI SRL,1,0,44.7836,10.8855
S,2017-02-09,CAROLLO SRL,2,0,45.7542,8.89674
S,2017-02-09,QUADRIFER SRL,5,0,45.7133,8.90516
S,2017-02-09,METALLURGICA LOMBARDA SRL,1,0,45.3987,8.91623
S,2017-02-09,NOVA RAMPALUX SNC,13,0,45.6915,8.93154
toC,2017-02-09,CALVIN KLEIN INC.,13,0,40.7306,-73.9866
toC,2017-02-09,JONATHAN SIMKHAI INC,3,0,40.7306,-73.9866
toC,2017-02-09,FENDI SRL,24,0,41.8933,12.4829
toC,2017-02-09,JOHARI DI GIULIANA MANCINELLI,6,0,41.8933,12.4829
toC,2017-02-09,ALEXANDER WANG,14,0,43.1325,-74.4861
toC,2017-02-09,CALZATURIFICIO MELIN SRL,1,0,43.2347,13.6879
toC,2017-02-09,MERCURI MODA SRL,4,0,43.2567,13.7608
toC,2017-02-09,CM PELLETTERIE SRL,1,0,43.6289,11.4248
toC,2017-02-09,EXCLUSIVE SRL,3,0,43.6395,11.5646
toC,2017-02-09,BOTTONIFICIO LEONARDO SRL,1,0,43.7332,11.0209
toC,2017-02-09,PELLETTERIA EMMETIERRE SNC DI,4,0,43.7567,11.1848
toC,2017-02-09,SALVATORE FERRAGAMO SPA,10,0,43.7699,11.2556
toC,2017-02-09,AEFFE SPA,1,1,43.9387,12.7125
toC,2017-02-09,PRADA SPA,4,0,45.4668,9.1905
toC,2017-02-09,SARA BATTAGLIA SRL A UNICO SOC,6,0,45.4668,9.1905
toC,2017-02-09,VALENTINO SPA,3,0,45.4668,9.1905
toC,2017-02-09,NOVARLUX ITALIA SRL,1,0,45.5567,8.97774
toC,2017-02-09,SEYMECHAMLOU SRL,3,0,45.5567,8.97774
toC,2017-02-09,GIOVANNI MONTE SRL,2,0,45.5586,8.94789
toC,2017-02-09,LA GRIFFE SRL,3,0,45.5586,8.94789
toC,2017-02-09,ST.GERMAIN BOUTIQUE SRL,1,0,45.5586,8.94789
toC,2017-02-09,BARBERA SANDRO E FIGLI SNC,3,0,45.5664,8.05428
toC,2017-02-09,CHRISTIAN LOUBOUTIN S.A.S.,17,0,48.8566,2.3515
toC,2017-02-09,CHRISTIAN LOUBOUTIN SAS,52,0,48.8566,2.3515
fromSub,2017-02-09,GESM SPA FASHION FACTORY,1,1,45.5846,10.4382
fromSub,2017-02-09,EGAL SRL,33,0,45.5962,9.01754
fromSub,2017-02-09,WORTRAD INTERNATIONAL SRL,4,0,45.6257,9.03733
fromSub,2017-02-09,MADEBLACK SRL,52,0,45.6508,9.84802
fromSub,2017-02-09,MAFLEX SRL,1,0,45.6851,8.93814
toSub,2017-02-09,MAFLEX SRL,1,0,45.6851,8.93814
toSub,2017-02-09,MADEBLACK SRL,55,0,45.6508,9.84802
toSub,2017-02-09,WORTRAD INTERNATIONAL SRL,6,0,45.6257,9.03733
toSub,2017-02-09,XIA JINGYE,6,0,45.6158,9.08152
toSub,2017-02-09,EGAL SRL,34,0,45.5962,9.01754
S,2017-02-10,COLOR-PLAST SRL,5,0,45.7133,8.90516
S,2017-02-10,OLTRONA PLAST SRL,1,1,45.7156,8.98307
S,2017-02-10,SPM SRL DIE CASTING,1,0,45.5991,9.88497
toC,2017-02-10,CANO ART. CALZADO S.L.,28,0,38.5869,-0.672549
toC,2017-02-10,LEO SHOES SRL,1,0,40.0109,18.1617
toC,2017-02-10,3.1 PHILLIP LIM,63,1,40.7306,-73.9866
toC,2017-02-10,ER FUR TRADING,1,0,40.7306,-73.9866
toC,2017-02-10,JONATHAN SIMKHAI INC,41,0,40.7306,-73.9866
toC,2017-02-10,FENDI SRL,41,0,41.8933,12.4829
toC,2017-02-10,JOHARI DI GIULIANA MANCINELLI,2,0,41.8933,12.4829
toC,2017-02-10,CALZATURIFICIO ROMIT SPA,3,0,43.2325,13.6316
toC,2017-02-10,MERCURI MODA SRL,10,0,43.2567,13.7608
toC,2017-02-10,INDUSTRIE TESTI SPA,4,0,43.7195,10.9459
toC,2017-02-10,I&S SRL,2,0,43.7211,11.4514
toC,2017-02-10,BULGARI ACCESSORI SRL,2,0,43.7699,11.2556
toC,2017-02-10,RICCI ENRICO SRL,2,0,44.1065,12.4149
toC,2017-02-10,DOLCE & GABBANA SRL,70,0,45.4668,9.1905
toC,2017-02-10,SARA BATTAGLIA SRL A UNICO SOC,22,0,45.4668,9.1905
toC,2017-02-10,VALENTINO SPA,6,0,45.4668,9.1905
toC,2017-02-10,BATTISTA LOZIO & FIGLI SPA,2,0,45.5286,9.27822
toC,2017-02-10,GIOVANNI MONTE SRL,1,0,45.5586,8.94789
toC,2017-02-10,LA GRIFFE SRL,6,0,45.5586,8.94789
toC,2017-02-10,CALZATURIFICIO MARTINI SRL,1,0,45.7465,8.43607
toC,2017-02-10,PRINCIPE SPA,6,0,45.8175,8.82634
toC,2017-02-10,XIANTO BV,1,0,52.4418,5.20931
fromSub,2017-02-10,EGAL SRL,53,0,45.5962,9.01754
fromSub,2017-02-10,MADEBLACK SRL,97,0,45.6508,9.84802
fromSub,2017-02-10,JIANG XIUJIN,5,0,45.7133,8.90516
toSub,2017-02-10,JIANG XIUJIN,15,0,45.7133,8.90516
toSub,2017-02-10,MADEBLACK SRL,83,0,45.6508,9.84802
toSub,2017-02-10,EGAL SRL,33,0,45.5962,9.01754
toSub,2017-02-10,GESM SPA FASHION FACTORY,6,0,45.5846,10.4382
fromSub,2017-02-11,MADEBLACK SRL,1,1,45.6508,9.84802
toSub,2017-02-11,WORTRAD INTERNATIONAL SRL,10,0,45.6257,9.03733
toSub,2017-02-11,EGAL SRL,2,1,45.5962,9.01754
S,2017-02-13,STEAL SRL,1,0,45.4936,10.9392
S,2017-02-13,MBA F.LLI LANDI SRL,1,3,43.6587,11.2976
S,2017-02-13,PRIORE SRL,2,0,45.7045,8.87429
S,2017-02-13,CAROLLO SRL,2,0,45.7542,8.89674
S,2017-02-13,METALLURGICA LOMBARDA SRL,2,0,45.3987,8.91623
S,2017-02-13,SPM SRL DIE CASTING,2,0,45.5991,9.88497
toC,2017-02-13,ARTI MODA S.A.L.,5,3,33.9093,35.5781
toC,2017-02-13,LEO SHOES SRL,3,0,40.0109,18.1617
toC,2017-02-13,FENDI SRL,21,0,41.8933,12.4829
toC,2017-02-13,CALZATURIFICIO GENSI GROUP SRL,1,0,42.7535,13.9667
toC,2017-02-13,DAMA SRL,11,0,43.1336,12.4421
toC,2017-02-13,TOOLK SRL,8,0,43.1604,13.7161
toC,2017-02-13,MERCURI MODA SRL,3,0,43.2567,13.7608
toC,2017-02-13,CALZATURIFICIO ILARIA SRL,9,0,43.3901,11.2231
toC,2017-02-13,BOEMOS SPA - INDUSTRIA CALZATU,3,0,43.7292,10.8082
toC,2017-02-13,BOTTONIFICIO LEONARDO SRL,1,0,43.7332,11.0209
toC,2017-02-13,LPJ ITALIA SRL,2,0,43.7699,11.2556
toC,2017-02-13,PUNTO 2 S.R.L.,28,0,44.7836,10.8855
toC,2017-02-13,CALZATURIFICIO NERI SRL,3,0,45.4173,12.0332
toC,2017-02-13,TOMMY SRL,2,0,45.4173,12.0332
toC,2017-02-13,DOLCE & GABBANA SRL,51,0,45.4668,9.1905
toC,2017-02-13,PRADA SPA,3,0,45.4668,9.1905
toC,2017-02-13,VALENTINO SPA,5,0,45.4668,9.1905
toC,2017-02-13,C.L. SERVICES TECHNIQUES SRL,8,0,45.5567,8.97774
toC,2017-02-13,SEYMECHAMLOU SRL,4,0,45.5567,8.97774
toC,2017-02-13,GIOVANNI MONTE SRL,7,0,45.5586,8.94789
toC,2017-02-13,LA GRIFFE SRL,2,0,45.5586,8.94789
toC,2017-02-13,OLTRONA PLAST SRL,2,0,45.7156,8.98307
toC,2017-02-13,CHRISTIAN LOUBOUTIN S.A.S.,7,0,48.8566,2.3515
toC,2017-02-13,CHRISTIAN LOUBOUTIN SAS,18,0,48.8566,2.3515
fromSub,2017-02-13,GESM SPA FASHION FACTORY,2,0,45.5846,10.4382
fromSub,2017-02-13,EGAL SRL,34,0,45.5962,9.01754
fromSub,2017-02-13,MADEBLACK SRL,91,0,45.6508,9.84802
toSub,2017-02-13,MAFLEX SRL,3,0,45.6851,8.93814
toSub,2017-02-13,MADEBLACK SRL,33,0,45.6508,9.84802
toSub,2017-02-13,EGAL SRL,18,0,45.5962,9.01754
S,2017-02-14,S.R. PLAST DI RIMOLDI & C. SNC,1,1,45.6909,8.87246
S,2017-02-14,SPM SRL DIE CASTING,1,0,45.5991,9.88497
toC,2017-02-14,CANO ART. CALZADO S.L.,18,0,38.5869,-0.672549
toC,2017-02-14,JAIME MASCARO S.A,1,0,39.9833,4.01095
toC,2017-02-14,LEO SHOES SRL,12,0,40.0109,18.1617
toC,2017-02-14,P&C SRL,1,0,40.9144,14.2671
toC,2017-02-14,EFFEUNO SRL,1,0,41.8933,12.4829
toC,2017-02-14,FENDI SRL,53,0,41.8933,12.4829
toC,2017-02-14,CALZATURIFICIO GENSI GROUP SRL,1,0,42.7535,13.9667
toC,2017-02-14,CALZATURIFICIO ROMIT SPA,2,0,43.2325,13.6316
toC,2017-02-14,MERCURI MODA SRL,4,0,43.2567,13.7608
toC,2017-02-14,CALZATURIFICIO STELLA SRL,1,0,43.7477,11.0731
toC,2017-02-14,EFFEBI SRL,1,0,43.7567,11.1848
toC,2017-02-14,BULGARI ACCESSORI SRL,33,0,43.7699,11.2556
toC,2017-02-14,SALVATORE FERRAGAMO SPA,22,0,43.7699,11.2556
toC,2017-02-14,RUCOLINE SPA,1,0,43.8295,10.5303
toC,2017-02-14,ITALFIBBIA SRL,2,0,43.8317,11.1992
toC,2017-02-14,MORO MINUTERIE SRL,7,0,45.4077,11.8734
toC,2017-02-14,DOLCE & GABBANA SRL,18,0,45.4668,9.1905
toC,2017-02-14,GIANNI VERSACE SPA,21,0,45.4668,9.1905
toC,2017-02-14,SANTONI SPA,2,0,45.4668,9.1905
toC,2017-02-14,VALENTINO SPA,1,0,45.4668,9.1905
toC,2017-02-14,KALLISTE'  SRL,2,0,45.4991,12.5449
toC,2017-02-14,C.L. SERVICES TECHNIQUES SRL,4,0,45.5567,8.97774
toC,2017-02-14,SEYMECHAMLOU SRL,4,0,45.5567,8.97774
toC,2017-02-14,GIOVANNI MONTE SRL,1,0,45.5586,8.94789
toC,2017-02-14,LA GRIFFE SRL,5,0,45.5586,8.94789
toC,2017-02-14,ARCOBALENO S.R.L.,2,1,45.6599,8.7932
toC,2017-02-14,CALZATURIFICIO MARTINI SRL,1,0,45.7465,8.43607
toC,2017-02-14,GABOR SHOES AG,2,0,47.8539,12.1273
toC,2017-02-14,CHRISTIAN LOUBOUTIN SAS,20,0,48.8566,2.3515
toC,2017-02-14,MANDO SARL,7,0,48.8566,2.3515
fromSub,2017-02-14,GESM SPA FASHION FACTORY,3,0,45.5846,10.4382
fromSub,2017-02-14,EGAL SRL,19,0,45.5962,9.01754
fromSub,2017-02-14,WORTRAD INTERNATIONAL SRL,24,0,45.6257,9.03733
fromSub,2017-02-14,MADEBLACK SRL,64,0,45.6508,9.84802
fromSub,2017-02-14,JIANG XIUJIN,3,0,45.7133,8.90516
toSub,2017-02-14,MAFLEX SRL,3,0,45.6851,8.93814
toSub,2017-02-14,MADEBLACK SRL,79,0,45.6508,9.84802
toSub,2017-02-14,WORTRAD INTERNATIONAL SRL,3,0,45.6257,9.03733
toSub,2017-02-14,EGAL SRL,39,0,45.5962,9.01754
S,2017-02-15,C&C METAL PRODUCTS CORP.METAL,4,0,40.8929,-73.9726
S,2017-02-15,S.R. PLAST DI RIMOLDI & C. SNC,1,1,45.6909,8.87246
S,2017-02-15,PRIORE SRL,3,0,45.7045,8.87429
S,2017-02-15,NOVA RAMPALUX SNC,5,0,45.6915,8.93154
S,2017-02-15,SPM SRL DIE CASTING,1,0,45.5991,9.88497
toC,2017-02-15,LEO SHOES SRL,2,0,40.0109,18.1617
toC,2017-02-15,ROXANNE ASSOULIN,6,0,40.7306,-73.9866
toC,2017-02-15,FENDI SRL,26,0,41.8933,12.4829
toC,2017-02-15,NAST SRL,4,0,42.7734,13.6723
toC,2017-02-15,FREELAND SRL CALZATURE,2,0,43.7292,10.8082
toC,2017-02-15,BRUNPEL SRL,2,0,43.7567,11.1848
toC,2017-02-15,AQUAZZURA ITALIA SRL,1,1,43.7699,11.2556
toC,2017-02-15,ITALFIBBIA SRL,12,0,43.8317,11.1992
toC,2017-02-15,CALZATURIFICIO NERI SRL,3,0,45.4173,12.0332
toC,2017-02-15,TOMMY SRL,1,0,45.4173,12.0332
toC,2017-02-15,DOLCE & GABBANA SRL,25,0,45.4668,9.1905
toC,2017-02-15,GIANNI VERSACE SPA,16,0,45.4668,9.1905
toC,2017-02-15,ZAMBELLI ALBERTO SRL,20,0,45.5512,10.5049
toC,2017-02-15,SEYMECHAMLOU SRL,1,0,45.5567,8.97774
toC,2017-02-15,GIOVANNI MONTE SRL,3,0,45.5586,8.94789
toC,2017-02-15,LA GRIFFE SRL,6,0,45.5586,8.94789
toC,2017-02-15,CALZATURIFICIO MARTINI SRL,2,0,45.7465,8.43607
toC,2017-02-15,PRINCIPE SPA,2,0,45.8175,8.82634
toC,2017-02-15,CHRISTIAN LOUBOUTIN SAS,8,0,48.8566,2.3515
fromSub,2017-02-15,EGAL SRL,23,0,45.5962,9.01754
fromSub,2017-02-15,WORTRAD INTERNATIONAL SRL,12,0,45.6257,9.03733
fromSub,2017-02-15,MADEBLACK SRL,51,0,45.6508,9.84802
toSub,2017-02-15,MAFLEX SRL,2,0,45.6851,8.93814
toSub,2017-02-15,MADEBLACK SRL,47,0,45.6508,9.84802
toSub,2017-02-15,WORTRAD INTERNATIONAL SRL,4,0,45.6257,9.03733
toSub,2017-02-15,EGAL SRL,19,0,45.5962,9.01754
toSub,2017-02-15,GESM SPA FASHION FACTORY,5,0,45.5846,10.4382
S,2017-02-16,METALLURGICA LOMBARDA SRL,3,0,45.3987,8.91623
S,2017-02-16,NOVA RAMPALUX SNC,5,0,45.6915,8.93154
S,2017-02-16,CC STAMPI SRL,1,1,45.4668,9.1905
S,2017-02-16,SPM SRL DIE CASTING,1,0,45.5991,9.88497
toC,2017-02-16,LEO SHOES SRL,2,0,40.0109,18.1617
toC,2017-02-16,LBRANDS,13,0,40.7306,-73.9866
toC,2017-02-16,SIMONA B USA,11,0,40.7306,-73.9866
toC,2017-02-16,ABC CARUSO GROUP SRL,1,1,40.8359,14.2488
toC,2017-02-16,SANTAMARIA SRL,1,0,40.9732,14.2049
toC,2017-02-16,FENDI SRL,52,0,41.8933,12.4829
toC,2017-02-16,NAST SRL,2,0,42.7734,13.6723
toC,2017-02-16,MERCURI MODA SRL,5,0,43.2567,13.7608
toC,2017-02-16,SALVATORE FERRAGAMO SPA,1,0,43.7699,11.2556
toC,2017-02-16,MORO MINUTERIE SRL,2,0,45.4077,11.8734
toC,2017-02-16,TOMMY SRL,1,0,45.4173,12.0332
toC,2017-02-16,DOLCE & GABBANA SRL,27,0,45.4668,9.1905
toC,2017-02-16,FONTANA PELLETTERIE SPA,1,0,45.4668,9.1905
toC,2017-02-16,PRADA SPA,6,0,45.4668,9.1905
toC,2017-02-16,VALENTINO SPA,41,0,45.4668,9.1905
toC,2017-02-16,SEYMECHAMLOU SRL,4,0,45.5567,8.97774
toC,2017-02-16,GIOVANNI MONTE SRL,1,0,45.5586,8.94789
toC,2017-02-16,LA GRIFFE SRL,5,0,45.5586,8.94789
toC,2017-02-16,CALZATURIFICIO ARKTE  SRL,2,0,45.5692,8.95994
toC,2017-02-16,MADEBLACK SRL,1,0,45.6508,9.84802
toC,2017-02-16,CHRISTIAN LOUBOUTIN SAS,27,0,48.8566,2.3515
toC,2017-02-16,MANDO SARL,2,0,48.8566,2.3515
toC,2017-02-16,GABOR SPOL S.R.O.,2,0,49.2197,18.7397
fromSub,2017-02-16,GESM SPA FASHION FACTORY,5,0,45.5846,10.4382
fromSub,2017-02-16,EGAL SRL,42,0,45.5962,9.01754
fromSub,2017-02-16,WORTRAD INTERNATIONAL SRL,10,0,45.6257,9.03733
fromSub,2017-02-16,MADEBLACK SRL,55,0,45.6508,9.84802
toSub,2017-02-16,MADEBLACK SRL,59,0,45.6508,9.84802
toSub,2017-02-16,WORTRAD INTERNATIONAL SRL,8,0,45.6257,9.03733
toSub,2017-02-16,EGAL SRL,28,0,45.5962,9.01754
toSub,2017-02-16,GESM SPA FASHION FACTORY,4,0,45.5846,10.4382
toC,2017-02-17,CANO ART. CALZADO S.L.,16,0,38.5869,-0.672549
toC,2017-02-17,JAIME MASCARO S.A,1,0,39.9833,4.01095
toC,2017-02-17,JEANNOT S SRL,1,0,41.1992,16.5968
toC,2017-02-17,EFFEUNO SRL,4,0,41.8933,12.4829
toC,2017-02-17,FENDI SRL,54,0,41.8933,12.4829
toC,2017-02-17,MERCURI MODA SRL,4,0,43.2567,13.7608
toC,2017-02-17,EXCLUSIVE SRL,2,0,43.6395,11.5646
toC,2017-02-17,EVERYN SRL,2,0,43.6703,10.7605
toC,2017-02-17,BOEMOS SPA - INDUSTRIA CALZATU,2,0,43.7292,10.8082
toC,2017-02-17,RIVER GROUP SPA,4,0,43.7292,10.8082
toC,2017-02-17,CALZATURIFICIO STELLA SRL,4,0,43.7477,11.0731
toC,2017-02-17,DREAMPELL SRL,1,0,43.7567,11.1848
toC,2017-02-17,STELLA MCCARTNEY ITALIA SRL,1,0,43.7567,11.1848
toC,2017-02-17,AQUAZZURA ITALIA SRL,12,1,43.7699,11.2556
toC,2017-02-17,MORO MINUTERIE SRL,1,0,45.4077,11.8734
toC,2017-02-17,CALZATURIFICIO NERI SRL,4,0,45.4173,12.0332
toC,2017-02-17,TOMMY SRL,7,0,45.4173,12.0332
toC,2017-02-17,DOLCE & GABBANA SRL,19,0,45.4668,9.1905
toC,2017-02-17,VALENTINO SPA,23,0,45.4668,9.1905
toC,2017-02-17,C.L. SERVICES TECHNIQUES SRL,2,0,45.5567,8.97774
toC,2017-02-17,SEYMECHAMLOU SRL,4,0,45.5567,8.97774
toC,2017-02-17,GIOVANNI MONTE SRL,4,0,45.5586,8.94789
toC,2017-02-17,LA GRIFFE SRL,14,0,45.5586,8.94789
toC,2017-02-17,NOVA RAMPALUX SNC,2,0,45.6915,8.93154
toC,2017-02-17,CALZATURIFICIO MARTINI SRL,2,0,45.7465,8.43607
toC,2017-02-17,CHRISTIAN LOUBOUTIN S.A.S.,19,0,48.8566,2.3515
toC,2017-02-17,CHRISTIAN LOUBOUTIN SAS,17,0,48.8566,2.3515
toC,2017-02-17,MANDO SARL,1,0,48.8566,2.3515
toC,2017-02-17,CLEMENCIA CORREA,14,0,6.24434,-75.5736
fromSub,2017-02-17,EGAL SRL,17,0,45.5962,9.01754
fromSub,2017-02-17,WORTRAD INTERNATIONAL SRL,6,0,45.6257,9.03733
fromSub,2017-02-17,MADEBLACK SRL,55,0,45.6508,9.84802
toSub,2017-02-17,MADEBLACK SRL,55,0,45.6508,9.84802
toSub,2017-02-17,WORTRAD INTERNATIONAL SRL,4,1,45.6257,9.03733
toSub,2017-02-17,XIA JINGYE,5,0,45.6158,9.08152
toSub,2017-02-17,EGAL SRL,25,0,45.5962,9.01754
fromSub,2017-02-18,WORTRAD INTERNATIONAL SRL,6,1,45.6257,9.03733
fromSub,2017-02-18,MADEBLACK SRL,26,0,45.6508,9.84802
toSub,2017-02-18,WORTRAD INTERNATIONAL SRL,17,1,45.6257,9.03733
S,2017-02-20,CAROLLO SRL,4,4,45.7542,8.89674
toC,2017-02-20,CIRQUE DU SOLEIL,3,0,-37.4835,-72.3324
toC,2017-02-20,CIEMME SRL,9,0,39.2915,9.00154
toC,2017-02-20,JAIME MASCARO S.A,4,0,39.9833,4.01095
toC,2017-02-20,GDA SRL,2,0,40.1743,18.1678
toC,2017-02-20,TORY BURCH,9,0,40.7306,-73.9866
toC,2017-02-20,DORUK DERI KONF.SAN.VETIC.LTD.,5,0,41.0096,28.9652
toC,2017-02-20,FENDI SRL,24,0,41.8933,12.4829
toC,2017-02-20,SOFF-ART SRL,1,0,42.5641,12.6405
toC,2017-02-20,CALZATURIFICIO GENSI GROUP SRL,2,0,42.7535,13.9667
toC,2017-02-20,MERCURI MODA SRL,9,0,43.2567,13.7608
toC,2017-02-20,BAMBOLETTA SRL,1,0,43.3055,13.7229
toC,2017-02-20,CALZATURIFICIO ILARIA SRL,3,0,43.3901,11.2231
toC,2017-02-20,FREELAND SRL CALZATURE,3,0,43.7292,10.8082
toC,2017-02-20,AQUAZZURA ITALIA SRL,2,0,43.7699,11.2556
toC,2017-02-20,SALVATORE FERRAGAMO SPA,6,0,43.7699,11.2556
toC,2017-02-20,DOLCE & GABBANA SRL,16,0,45.4668,9.1905
toC,2017-02-20,VALENTINO SPA,4,0,45.4668,9.1905
toC,2017-02-20,WHITE SRL SOC. UNIPERSONALE,3,0,45.4668,9.1905
toC,2017-02-20,SWINGER INTERNATIONAL SPA,1,0,45.4741,10.8462
toC,2017-02-20,NOVARLUX ITALIA SRL,3,0,45.5567,8.97774
toC,2017-02-20,SEYMECHAMLOU SRL,18,0,45.5567,8.97774
toC,2017-02-20,ROVEDA SRL,1,0,45.5586,8.94789
toC,2017-02-20,ST.GERMAIN BOUTIQUE SRL,1,0,45.5586,8.94789
toC,2017-02-20,MORELLATO SPA,1,0,46.0636,11.4672
toC,2017-02-20,CHRISTIAN LOUBOUTIN S.A.S.,13,0,48.8566,2.3515
toC,2017-02-20,CHRISTIAN LOUBOUTIN SAS,38,0,48.8566,2.3515
toC,2017-02-20,MANDO SARL,13,0,48.8566,2.3515
toC,2017-02-20,MAISON MICHEL,13,0,48.9146,2.38219
toC,2017-02-20,GABOR SPOL S.R.O.,18,0,49.2197,18.7397
toC,2017-02-20,ALTERNATIVA DE MODA SAS TOUCHE,23,3,6.25598,-75.58
fromSub,2017-02-20,GESM SPA FASHION FACTORY,2,0,45.5846,10.4382
fromSub,2017-02-20,EGAL SRL,6,0,45.5962,9.01754
fromSub,2017-02-20,WORTRAD INTERNATIONAL SRL,8,0,45.6257,9.03733
fromSub,2017-02-20,MADEBLACK SRL,65,0,45.6508,9.84802
fromSub,2017-02-20,MAFLEX SRL,1,2,45.6851,8.93814
toSub,2017-02-20,MAFLEX SRL,1,0,45.6851,8.93814
toSub,2017-02-20,MADEBLACK SRL,74,0,45.6508,9.84802
toSub,2017-02-20,EGAL SRL,36,0,45.5962,9.01754
toSub,2017-02-20,GESM SPA FASHION FACTORY,4,0,45.5846,10.4382
S,2017-02-21,RIBELLE SRL UNIPERSONALE,1,0,44.8224,10.8892
S,2017-02-21,EUROMINUTERIE SRL,1,1,45.4077,11.8734
S,2017-02-21,GER.MAC STAMPI SAS,1,0,45.7133,8.90516
toC,2017-02-21,CANO ART. CALZADO S.L.,25,0,38.5869,-0.672549
toC,2017-02-21,LEO SHOES SRL,2,0,40.0109,18.1617
toC,2017-02-21,LN MANIFACTURING SRL,4,0,40.8359,14.2488
toC,2017-02-21,EFFEUNO SRL,1,0,41.8933,12.4829
toC,2017-02-21,FENDI SRL,12,0,41.8933,12.4829
toC,2017-02-21,CENTRO ACCESSORI SPA,2,0,43.2364,13.5951
toC,2017-02-21,CALZATURIFICIO ILARIA SRL,2,0,43.3901,11.2231
toC,2017-02-21,RO' DI ROBERTA MALATINI,7,0,43.4035,13.5486
toC,2017-02-21,EXCLUSIVE SRL,2,0,43.6395,11.5646
toC,2017-02-21,BEAUTY BRASS SRL,28,0,43.6587,11.2976
toC,2017-02-21,EVERYN SRL,7,0,43.6703,10.7605
toC,2017-02-21,RIVER GROUP SPA,4,0,43.7292,10.8082
toC,2017-02-21,PROPEL SRL,1,0,43.7567,11.1848
toC,2017-02-21,STELLA MCCARTNEY ITALIA SRL,3,0,43.7567,11.1848
toC,2017-02-21,AQUAZZURA ITALIA SRL,2,1,43.7699,11.2556
toC,2017-02-21,SALVATORE FERRAGAMO SPA,1,0,43.7699,11.2556
toC,2017-02-21,ITALFIBBIA SRL,2,0,43.8317,11.1992
toC,2017-02-21,ORCIANI SPA,15,0,43.8424,13.0147
toC,2017-02-21,CALZATURIFICIO NERI SRL,4,0,45.4173,12.0332
toC,2017-02-21,DOLCE & GABBANA SRL,24,0,45.4668,9.1905
toC,2017-02-21,PRADA SPA,2,0,45.4668,9.1905
toC,2017-02-21,SANTONI SPA,4,0,45.4668,9.1905
toC,2017-02-21,VALENTINO SPA,4,0,45.4668,9.1905
toC,2017-02-21,C.L. SERVICES TECHNIQUES SRL,2,0,45.5567,8.97774
toC,2017-02-21,SEYMECHAMLOU SRL,1,0,45.5567,8.97774
toC,2017-02-21,ARCOBALENO S.R.L.,3,0,45.6599,8.7932
toC,2017-02-21,CHRISTIAN LOUBOUTIN SAS,12,0,48.8566,2.3515
toC,2017-02-21,MANDO SARL,2,0,48.8566,2.3515
toC,2017-02-21,MAISON MICHEL,2,0,48.9146,2.38219
fromSub,2017-02-21,EGAL SRL,18,0,45.5962,9.01754
fromSub,2017-02-21,MADEBLACK SRL,128,0,45.6508,9.84802
toSub,2017-02-21,MADEBLACK SRL,52,0,45.6508,9.84802
toSub,2017-02-21,WORTRAD INTERNATIONAL SRL,12,0,45.6257,9.03733
toSub,2017-02-21,EGAL SRL,49,0,45.5962,9.01754
S,2017-02-22,C&C METAL PRODUCTS CORP.METAL,3,0,40.8929,-73.9726
S,2017-02-22,CHERRY CHARM XIAO LING RAIMEN,2,0,33.0821,10.7031
S,2017-02-22,MBA F.LLI LANDI SRL,1,1,43.6587,11.2976
toC,2017-02-22,ARTI MODA S.A.L.,13,0,33.9093,35.5781
toC,2017-02-22,CIEMME SRL,4,0,39.2915,9.00154
toC,2017-02-22,FENDI SRL,59,0,41.8933,12.4829
toC,2017-02-22,KIT-SERVICE SRL,2,0,42.5136,14.1516
toC,2017-02-22,NAST SRL,1,0,42.7734,13.6723
toC,2017-02-22,CALZATURIFICIO ROMIT SPA,10,0,43.2325,13.6316
toC,2017-02-22,TOD'S SPA,24,0,43.2347,13.6879
toC,2017-02-22,MERCURI MODA SRL,6,0,43.2567,13.7608
toC,2017-02-22,BAMBOLETTA SRL,5,0,43.3055,13.7229
toC,2017-02-22,FALC SPA,17,0,43.3055,13.7229
toC,2017-02-22,ARCADIA SRL,22,1,43.6908,12.8126
toC,2017-02-22,DOLCE & GABBANA SRL,13,0,45.4668,9.1905
toC,2017-02-22,PRADA SPA,14,0,45.4668,9.1905
toC,2017-02-22,VALENTINO SPA,1,0,45.4668,9.1905
toC,2017-02-22,SEYMECHAMLOU SRL,5,0,45.5567,8.97774
toC,2017-02-22,GIOVANNI MONTE SRL,2,0,45.5586,8.94789
toC,2017-02-22,CALZATURIFICIO MARTINI SRL,2,0,45.7465,8.43607
toC,2017-02-22,PROTEK SRL UNIPERSONALE,1,0,45.7962,11.7584
toC,2017-02-22,CHRISTIAN LOUBOUTIN SAS,21,0,48.8566,2.3515
toC,2017-02-22,LOUIS VUITTON MALLETIER,15,0,48.8566,2.3515
toC,2017-02-22,MANDO SARL,4,0,48.8566,2.3515
toC,2017-02-22,GABOR SPOL S.R.O.,11,0,49.2197,18.7397
fromSub,2017-02-22,GESM SPA FASHION FACTORY,7,0,45.5846,10.4382
fromSub,2017-02-22,EGAL SRL,35,0,45.5962,9.01754
fromSub,2017-02-22,WORTRAD INTERNATIONAL SRL,27,0,45.6257,9.03733
fromSub,2017-02-22,MADEBLACK SRL,69,0,45.6508,9.84802
toSub,2017-02-22,MADEBLACK SRL,27,0,45.6508,9.84802
toSub,2017-02-22,EGAL SRL,34,0,45.5962,9.01754
toSub,2017-02-22,GESM SPA FASHION FACTORY,2,1,45.5846,10.4382
S,2017-02-23,COLOR-PLAST SRL,4,0,45.7133,8.90516
S,2017-02-23,METALLURGICA LOMBARDA SRL,10,0,45.3987,8.91623
S,2017-02-23,IL GRANELLO SCARL,2,0,45.6588,8.97193
S,2017-02-23,OLTRONA PLAST SRL,2,0,45.7156,8.98307
S,2017-02-23,RAVAGO ITALIA SPA,1,1,45.5914,9.80926
S,2017-02-23,SPM SRL DIE CASTING,3,0,45.5991,9.88497
toC,2017-02-23,JAIME MASCARO S.A,10,0,39.9833,4.01095
toC,2017-02-23,LEO SHOES SRL,4,0,40.0109,18.1617
toC,2017-02-23,JEANNOT S SRL,2,0,41.1992,16.5968
toC,2017-02-23,FENDI SRL,49,0,41.8933,12.4829
toC,2017-02-23,MERCURI MODA SRL,1,0,43.2567,13.7608
toC,2017-02-23,BAMBOLETTA SRL,2,0,43.3055,13.7229
toC,2017-02-23,EXCLUSIVE SRL,1,0,43.6395,11.5646
toC,2017-02-23,RESCOPELL SRL PELLETTERIA,1,0,43.6434,11.5467
toC,2017-02-23,BEAUTY BRASS SRL,2,0,43.6587,11.2976
toC,2017-02-23,RIVER GROUP SPA,1,0,43.7292,10.8082
toC,2017-02-23,BOTTONIFICIO LEONARDO SRL,1,0,43.7332,11.0209
toC,2017-02-23,EFFEBI SRL,1,0,43.7567,11.1848
toC,2017-02-23,ITALFIBBIA SRL,26,0,43.8317,11.1992
toC,2017-02-23,TREND SRL UNIPERSONALE,4,0,45.0954,6.91627
toC,2017-02-23,DOLCE & GABBANA SRL,35,0,45.4668,9.1905
toC,2017-02-23,FONTANA PELLETTERIE SPA,6,0,45.4668,9.1905
toC,2017-02-23,PRADA SPA,1,0,45.4668,9.1905
toC,2017-02-23,VALENTINO SPA,3,0,45.4668,9.1905
toC,2017-02-23,NOVARLUX ITALIA SRL,2,0,45.5567,8.97774
toC,2017-02-23,ARCOBALENO S.R.L.,2,1,45.6599,8.7932
toC,2017-02-23,CHRISTIAN LOUBOUTIN SAS,15,0,48.8566,2.3515
toC,2017-02-23,MANDO SARL,7,0,48.8566,2.3515
toC,2017-02-23,GABOR SPOL S.R.O.,11,0,49.2197,18.7397
fromSub,2017-02-23,GESM SPA FASHION FACTORY,2,0,45.5846,10.4382
fromSub,2017-02-23,EGAL SRL,27,0,45.5962,9.01754
fromSub,2017-02-23,WORTRAD INTERNATIONAL SRL,16,0,45.6257,9.03733
fromSub,2017-02-23,MADEBLACK SRL,60,0,45.6508,9.84802
toSub,2017-02-23,JIANG XIUJIN,1,0,45.7133,8.90516
toSub,2017-02-23,MADEBLACK SRL,33,0,45.6508,9.84802
toSub,2017-02-23,EGAL SRL,11,0,45.5962,9.01754
toSub,2017-02-23,GESM SPA FASHION FACTORY,1,1,45.5846,10.4382
S,2017-02-24,MONTALBETTI MARIO S.N.C.,2,0,45.6909,8.87246
S,2017-02-24,NOVA RAMPALUX SNC,2,0,45.6915,8.93154
S,2017-02-24,OLTRONA PLAST SRL,1,1,45.7156,8.98307
toC,2017-02-24,CANO ART. CALZADO S.L.,13,0,38.5869,-0.672549
toC,2017-02-24,VICTORIA' S SECRET BEAUTY,10,0,40.7306,-73.9866
toC,2017-02-24,JEANNOT S SRL,1,0,41.1992,16.5968
toC,2017-02-24,FENDI SRL,45,0,41.8933,12.4829
toC,2017-02-24,OCCHIPINTI SRL,1,0,41.8933,12.4829
toC,2017-02-24,CALZATURIFICIO ROMIT SPA,13,0,43.2325,13.6316
toC,2017-02-24,MERCURI MODA SRL,3,0,43.2567,13.7608
toC,2017-02-24,BAMBOLETTA SRL,1,1,43.3055,13.7229
toC,2017-02-24,BOEMOS SPA - INDUSTRIA CALZATU,2,0,43.7292,10.8082
toC,2017-02-24,CALZATURIFICIO STELLA SRL,1,0,43.7477,11.0731
toC,2017-02-24,CASTOR SRL,1,0,45.1473,10.6485
toC,2017-02-24,TOMMY SRL,4,0,45.4173,12.0332
toC,2017-02-24,DOLCE & GABBANA SRL,20,0,45.4668,9.1905
toC,2017-02-24,GIANNI VERSACE SPA,98,0,45.4668,9.1905
toC,2017-02-24,PRADA SPA,2,0,45.4668,9.1905
toC,2017-02-24,VALENTINO SPA,2,0,45.4668,9.1905
toC,2017-02-24,SEYMECHAMLOU SRL,3,0,45.5567,8.97774
toC,2017-02-24,GIOVANNI MONTE SRL,5,0,45.5586,8.94789
toC,2017-02-24,LA GRIFFE SRL,2,0,45.5586,8.94789
toC,2017-02-24,ST.GERMAIN BOUTIQUE SRL,1,0,45.5586,8.94789
toC,2017-02-24,CALZATURIFICIO MARTINI SRL,1,0,45.7465,8.43607
toC,2017-02-24,MORELLATO SPA,2,0,46.0636,11.4672
toC,2017-02-24,GABOR SHOES AG,3,0,47.8539,12.1273
toC,2017-02-24,CHRISTIAN LOUBOUTIN SAS,5,0,48.8566,2.3515
toC,2017-02-24,MANDO SARL,1,0,48.8566,2.3515
toC,2017-02-24,GABOR SPOL S.R.O.,2,0,49.2197,18.7397
toC,2017-02-24,CAMACHO VELEZ SA,13,0,6.24434,-75.5736
fromSub,2017-02-24,GESM SPA FASHION FACTORY,3,0,45.5846,10.4382
fromSub,2017-02-24,EGAL SRL,37,0,45.5962,9.01754
fromSub,2017-02-24,WORTRAD INTERNATIONAL SRL,14,0,45.6257,9.03733
fromSub,2017-02-24,MADEBLACK SRL,87,0,45.6508,9.84802
toSub,2017-02-24,MADEBLACK SRL,40,0,45.6508,9.84802
toSub,2017-02-24,WORTRAD INTERNATIONAL SRL,10,1,45.6257,9.03733
toSub,2017-02-24,EGAL SRL,16,0,45.5962,9.01754
S,2017-02-27,MBA F.LLI LANDI SRL,1,3,43.6587,11.2976
S,2017-02-27,QUADRIFER SRL,1,0,45.7133,8.90516
S,2017-02-27,SPM SRL DIE CASTING,1,0,45.5991,9.88497
toC,2017-02-27,LEO SHOES SRL,2,0,40.0109,18.1617
toC,2017-02-27,FENDI SRL,56,0,41.8933,12.4829
toC,2017-02-27,TOD'S SPA,4,0,43.2347,13.6879
toC,2017-02-27,MERCURI MODA SRL,1,0,43.2567,13.7608
toC,2017-02-27,STUDIO GRAPHIK P.M. SRL,8,0,43.2753,11.9851
toC,2017-02-27,RO' DI ROBERTA MALATINI,1,0,43.4035,13.5486
toC,2017-02-27,TM SERVICE SRL,2,0,43.4861,13.4824
toC,2017-02-27,LEONELLO PALANTI SRL,1,0,43.7477,11.0731
toC,2017-02-27,BULGARI ACCESSORI SRL,19,0,43.7699,11.2556
toC,2017-02-27,SALVATORE FERRAGAMO SPA,3,0,43.7699,11.2556
toC,2017-02-27,RUCOLINE SPA,2,0,43.8295,10.5303
toC,2017-02-27,IDEA 21 SRL,2,0,44.0594,12.5684
toC,2017-02-27,LASER TEAM SRL,4,0,44.1065,12.4149
toC,2017-02-27,SERGIO ROSSI SPA,2,0,44.1065,12.4149
toC,2017-02-27,CAMAC SRL,9,0,44.1845,12.2181
toC,2017-02-27,FURLA SPA,15,0,44.4716,11.4049
toC,2017-02-27,DOLCE & GABBANA SRL,4,0,45.4668,9.1905
toC,2017-02-27,VALENTINO SPA,1,0,45.4668,9.1905
toC,2017-02-27,NOVARLUX ITALIA SRL,2,0,45.5567,8.97774
toC,2017-02-27,SEYMECHAMLOU SRL,4,0,45.5567,8.97774
toC,2017-02-27,GIOVANNI MONTE SRL,5,0,45.5586,8.94789
toC,2017-02-27,ST.GERMAIN BOUTIQUE SRL,1,0,45.5586,8.94789
toC,2017-02-27,GRITTI GROUP SPA,2,0,45.6572,9.72311
toC,2017-02-27,CALZATURIFICIO MARTINI SRL,1,0,45.7465,8.43607
toC,2017-02-27,CHRISTIAN LOUBOUTIN SAS,27,0,48.8566,2.3515
toC,2017-02-27,GABOR SPOL S.R.O.,13,0,49.2197,18.7397
toC,2017-02-27,ALTERNATIVA DE MODA SAS TOUCHE,3,3,6.25598,-75.58
fromSub,2017-02-27,EGAL SRL,27,0,45.5962,9.01754
fromSub,2017-02-27,WORTRAD INTERNATIONAL SRL,14,3,45.6257,9.03733
fromSub,2017-02-27,MADEBLACK SRL,45,0,45.6508,9.84802
toSub,2017-02-27,MADEBLACK SRL,86,0,45.6508,9.84802
toSub,2017-02-27,EGAL SRL,25,0,45.5962,9.01754
toSub,2017-02-27,GESM SPA FASHION FACTORY,2,0,45.5846,10.4382
S,2017-02-28,C&C METAL PRODUCTS CORP.METAL,2,0,40.8929,-73.9726
S,2017-02-28,IL GRANELLO SCARL,1,1,45.6588,8.97193
toC,2017-02-28,LAPIN HOUSE ST. PAPAIOANNOU SA,3,0,38.0156,23.6913
toC,2017-02-28,CANO ART. CALZADO S.L.,28,0,38.5869,-0.672549
toC,2017-02-28,CIEMME SRL,4,0,39.2915,9.00154
toC,2017-02-28,JAIME MASCARO S.A,3,0,39.9833,4.01095
toC,2017-02-28,JOSE & JOSE MANUEL LDA,8,0,40.8977,-8.49067
toC,2017-02-28,FENDI SRL,44,0,41.8933,12.4829
toC,2017-02-28,BOTTEGA PIEFFE SRL,1,0,42.5685,11.8188
toC,2017-02-28,TOOLK SRL,2,0,43.1604,13.7161
toC,2017-02-28,NOVARESE SRL,5,0,43.2485,13.5092
toC,2017-02-28,STUDIO GRAPHIK P.M. SRL,1,0,43.2753,11.9851
toC,2017-02-28,BAMBOLETTA SRL,1,0,43.3055,13.7229
toC,2017-02-28,CALZATURIFICIO STELLA SRL,11,0,43.7477,11.0731
toC,2017-02-28,MATI SRL,15,0,43.7699,11.2556
toC,2017-02-28,SALVATORE FERRAGAMO SPA,1,0,43.7699,11.2556
toC,2017-02-28,PELLETTERIE BM SRL,1,0,43.7778,11.4448
toC,2017-02-28,RUCOLINE SPA,16,0,43.8295,10.5303
toC,2017-02-28,BIANCO ACCESSORI SRL,7,0,44.1065,12.4149
toC,2017-02-28,TREND SRL UNIPERSONALE,1,0,45.0954,6.91627
toC,2017-02-28,CORAL SRL,24,0,45.4668,9.1905
toC,2017-02-28,VALENTINO SPA,4,0,45.4668,9.1905
toC,2017-02-28,C.L. SERVICES TECHNIQUES SRL,4,0,45.5567,8.97774
toC,2017-02-28,GIOVANNI MONTE SRL,8,0,45.5586,8.94789
toC,2017-02-28,MORELLATO SPA,4,0,46.0636,11.4672
toC,2017-02-28,GABOR SHOES AG,18,0,47.8539,12.1273
toC,2017-02-28,CHRISTIAN LOUBOUTIN SAS,7,0,48.8566,2.3515
toC,2017-02-28,GABOR SPOL S.R.O.,9,0,49.2197,18.7397
fromSub,2017-02-28,GESM SPA FASHION FACTORY,3,1,45.5846,10.4382
fromSub,2017-02-28,EGAL SRL,19,0,45.5962,9.01754
fromSub,2017-02-28,WORTRAD INTERNATIONAL SRL,8,0,45.6257,9.03733
fromSub,2017-02-28,MADEBLACK SRL,101,0,45.6508,9.84802
toSub,2017-02-28,MADEBLACK SRL,81,0,45.6508,9.84802
toSub,2017-02-28,WORTRAD INTERNATIONAL SRL,19,0,45.6257,9.03733
toSub,2017-02-28,EGAL SRL,18,1,45.5962,9.01754
